{
    "camera_matrix": [
        [
            1134.61486563987,
            0.0,
            398.92878434697826
        ],
        [
            0.0,
            1124.6153553105112,
            298.5406878045514
        ],
        [
            0.0,
            0.0,
            1.0
        ]
    ],
    "dist_coeffs": [
        [
            -0.5616651045025524,
            0.054701801997276825,
            -0.019602786982811215,
            -0.0009321144882732535,
            1.326662872506021
        ]
    ],
    "image_size": [
        640,
        480
    ],
    "reprojection_error": 0.12714222170557182
}